<?xml version="1.0" encoding="UTF-8"?>
<addon id="plugin.video.kodipollo" version="0.0.2" name="kodipollo" provider-name="kodipollo">
    <requires>
        <import addon="xbmc.python" version="3.0.0"/>
        <import addon="script.module.requests" version="2.25.1+matrix.1"/>
    </requires>

    <extension point="xbmc.python.pluginsource" library="default.py">
        <provides>video</provides>
    </extension>

    <extension point="xbmc.addon.metadata">
        <summary lang="es">kodipollo</summary>
        <description lang="es">kodipollo</description>
        <platform>all</platform>
        <version>0.0.2</version>
        <provider-name>kodipollo</provider-name>
        <assets>
            <icon>icon.jpg</icon>
        </assets>
    </extension>
</addon>
