<?xml version="1.0" encoding="UTF-8"?>
<addon id="plugin.video.argonauta" version="0.4.0" name="argonauta" provider-name="argonauta">
    <requires>
        <import addon="xbmc.python" version="3.0.0"/>
        <import addon="script.module.requests" version="2.25.1+matrix.1"/>
    </requires>

    <extension point="xbmc.python.pluginsource" library="default.py">
        <provides>video</provides>
    </extension>

    <extension point="xbmc.addon.metadata">
        <summary lang="es">argonauta</summary>
        <description lang="es">argonauta</description>
        <platform>all</platform>
        <version>0.4.0</version>
        <provider-name>argonauta</provider-name>
        <assets>
            <icon>icon.jpg</icon>
        </assets>
    </extension>
</addon>
